{"client":"Thunder Client","collectionName":"Eshop","dateExported":"2023-01-25T12:46:23.817Z","version":"1.1","folders":[],"requests":[{"_id":"248c04c6-d808-4a77-a49f-026b9b17c0e0","colId":"92eeef62-379c-437f-b52f-cd952f0d1c98","containerId":"","name":"getusers","url":"localhost:3300/getusers/63ce05676efc9aebebfd8ef0","method":"GET","sortNum":10000,"created":"2023-01-19T12:17:19.054Z","modified":"2023-01-23T03:56:58.848Z","headers":[],"params":[],"tests":[]},{"_id":"0b955630-7a19-402c-952d-eb01d415b324","colId":"92eeef62-379c-437f-b52f-cd952f0d1c98","containerId":"","name":"insertusers","url":"localhost:3300/postusers","method":"POST","sortNum":20000,"created":"2023-01-19T12:18:32.754Z","modified":"2023-01-24T03:03:29.942Z","headers":[],"params":[],"body":{"type":"json","raw":"{\n  \"name\": \"Satasiya Vrushabh\",\n  \"email\": \"vrushabhsatasiya82001@email.com\",\n  \"passwordHash\": \"Vru@82001\",\n  \"street\": \"Laxminagar\",\n  \"apartment\": \"Laxminagar\",\n  \"city\": \"surat\",\n  \"zip\": \"395010\",\n  \"country\": \"India\",\n  \"phone\": 7069182001,\n  \"isAdmin\": true\n}","form":[]},"tests":[]},{"_id":"872cee6b-134e-4550-9ea1-f73dfce8a3c3","colId":"92eeef62-379c-437f-b52f-cd952f0d1c98","containerId":"","name":"insertcategories","url":"localhost:3300/postcategory","method":"POST","sortNum":30000,"created":"2023-01-19T12:19:37.934Z","modified":"2023-01-20T12:05:07.570Z","headers":[],"params":[],"body":{"type":"json","raw":"{\n  \n  \"name\": \"Laptop\",\n  \"color\": \"Black\",\n  \"icon\": \"path\",\n  \"image\": \"path\"\n}","form":[]},"tests":[]},{"_id":"60582836-ff05-4315-ad39-7d5c7d4d6d9c","colId":"92eeef62-379c-437f-b52f-cd952f0d1c98","containerId":"","name":"insertproducts","url":"localhost:3300/postproducts","method":"POST","sortNum":40000,"created":"2023-01-19T12:20:43.373Z","modified":"2023-01-24T11:50:44.193Z","headers":[],"params":[],"body":{"type":"json","raw":" {\n        \"name\": \"Macbook pro\",\n            \"description\": \"The MacBook Air has an anodized aluminum casing that is 0.16 inches at its thinnest point and 0.76 inches at its thickest. Often described as the same size as a pad of paper, the laptop has just one USB port, an audio headphone jack and built-in speakers and microphone.\",\n                \"richdescription\": \"https://www.apple.com/in/macbook-pro-m1/\",\n    \"image\": \"path\",\n        \"images\": \"Folder paths\",\n            \"brand\": \"Apple\",\n                \"price\": 99999,\n                    \"category\": \"63cb5a5002406eafa2f4f744\",\n    \"countInStock\": 99,\n    \"rating\": 5,\n    \"isFeatured\": true\n}  ","form":[]},"tests":[]},{"_id":"07baab04-3cae-423f-9ded-593cd131ff45","colId":"92eeef62-379c-437f-b52f-cd952f0d1c98","containerId":"","name":"insertorders","url":"localhost:3300/postorders/63d11af7a31615bba3d1ac32","method":"POST","sortNum":50000,"created":"2023-01-19T12:21:51.936Z","modified":"2023-01-25T12:09:13.929Z","headers":[],"params":[],"body":{"type":"json","raw":"{\n  \"orderitems\": [\n    {\n      \"quantity\": 3,\n      \"product\": \"63cb5a6b02406eafa2f4f747\"\n    },\n    {\n      \"quantity\": 2,\n      \"product\": \"63cfc619235df2f602d2d0a7\"\n    }\n  ],\n  \"shippingAddress1\": \"SkillQode\",\n  \"shippingAddress2\": \"MicraSolution\",\n  \"city\": \"Surat\",\n  \"zip\": \"395010\",\n  \"country\": \"India\",\n  \"phone\": 9499556267,\n  \"user\": \"63cf4a838ec3404d47717ffc\"\n}","form":[]},"tests":[]},{"_id":"c56dd3b8-38bb-453f-9a39-31b7feb45e49","colId":"92eeef62-379c-437f-b52f-cd952f0d1c98","containerId":"","name":"insertorderitems","url":"localhost:3300/postorderitems","method":"POST","sortNum":60000,"created":"2023-01-19T12:22:46.430Z","modified":"2023-01-23T11:36:51.690Z","headers":[],"params":[],"body":{"type":"json","raw":" {\n    \n        \"product\": \"63c8d30a28f9a8cc8b6f7763\",\n            \"quantity\": 1\n}","form":[]},"tests":[]},{"_id":"96981f6b-5b34-4e1b-ac99-ff01817f1a13","colId":"92eeef62-379c-437f-b52f-cd952f0d1c98","containerId":"","name":"getcategories","url":"localhost:3300/getcategory","method":"GET","sortNum":70000,"created":"2023-01-19T12:26:05.219Z","modified":"2023-01-19T13:09:58.167Z","headers":[],"params":[],"tests":[]},{"_id":"acfff38a-a8e5-4c6a-9764-af73c216a136","colId":"92eeef62-379c-437f-b52f-cd952f0d1c98","containerId":"","name":"getproducts","url":"localhost:3300/getproducts","method":"GET","sortNum":80000,"created":"2023-01-19T12:27:31.264Z","modified":"2023-01-19T13:09:39.957Z","headers":[],"params":[],"tests":[]},{"_id":"75dd43ba-99a9-4967-af85-f83d453bf40b","colId":"92eeef62-379c-437f-b52f-cd952f0d1c98","containerId":"","name":"getorders","url":"localhost:3300/getorders","method":"GET","sortNum":90000,"created":"2023-01-19T12:28:12.324Z","modified":"2023-01-19T13:09:30.244Z","headers":[],"params":[],"tests":[]},{"_id":"ea85aae9-58b0-4a96-a681-10e03a7d4dae","colId":"92eeef62-379c-437f-b52f-cd952f0d1c98","containerId":"","name":"getorderitems","url":"localhost:3300/getorderitems","method":"GET","sortNum":100000,"created":"2023-01-19T12:29:13.741Z","modified":"2023-01-19T13:09:13.872Z","headers":[],"params":[],"tests":[]},{"_id":"a9c6f7b1-675a-4ea1-acc9-0713d8026280","colId":"92eeef62-379c-437f-b52f-cd952f0d1c98","containerId":"","name":"updateusers","url":"localhost:3300/updateusers/63ce05676efc9aebebfd8ef0","method":"PUT","sortNum":110000,"created":"2023-01-20T04:47:44.842Z","modified":"2023-01-23T03:57:21.033Z","headers":[],"params":[],"body":{"type":"json","raw":"{\n  \"apartment\": \"shree Hari House\"\n}","form":[]},"tests":[]},{"_id":"9d43454f-2c8d-426a-992d-ee4daaf98506","colId":"92eeef62-379c-437f-b52f-cd952f0d1c98","containerId":"","name":"updatecategory","url":"localhost:3300/updatecategory","method":"PUT","sortNum":120000,"created":"2023-01-20T04:48:42.473Z","modified":"2023-01-20T04:48:55.573Z","headers":[],"params":[],"tests":[]},{"_id":"0adb6741-e6ff-4042-a75d-67c579d26c05","colId":"92eeef62-379c-437f-b52f-cd952f0d1c98","containerId":"","name":"updateproducts","url":"localhost:3300/updateproducts","method":"PUT","sortNum":130000,"created":"2023-01-20T04:49:22.196Z","modified":"2023-01-20T04:49:35.817Z","headers":[],"params":[],"tests":[]},{"_id":"19e1c4a2-33bf-45f0-a11e-fb294e357128","colId":"92eeef62-379c-437f-b52f-cd952f0d1c98","containerId":"","name":"updateorders","url":"localhost:3300/updateorders","method":"PUT","sortNum":140000,"created":"2023-01-20T04:49:53.924Z","modified":"2023-01-20T04:50:31.001Z","headers":[],"params":[],"tests":[]},{"_id":"67ce9366-53eb-42bf-b6c5-4c15a0d419ff","colId":"92eeef62-379c-437f-b52f-cd952f0d1c98","containerId":"","name":"updateorderitems","url":"localhost:3300/updateorderitems","method":"PUT","sortNum":150000,"created":"2023-01-20T04:50:54.159Z","modified":"2023-01-20T04:51:13.123Z","headers":[],"params":[],"tests":[]},{"_id":"36c923d5-edf3-412a-89ee-adb1e5cba50d","colId":"92eeef62-379c-437f-b52f-cd952f0d1c98","containerId":"","name":"deleteusers","url":"localhost:3300/deleteusers/63cb5a1a58baa57a758265fe","method":"DELETE","sortNum":160000,"created":"2023-01-20T04:52:09.161Z","modified":"2023-01-23T03:55:29.484Z","headers":[],"params":[],"tests":[]},{"_id":"23af3797-fa1b-46e7-9195-5a18f3e3cc5f","colId":"92eeef62-379c-437f-b52f-cd952f0d1c98","containerId":"","name":"deletecategory","url":"localhost:3300/deletecategory","method":"DELETE","sortNum":170000,"created":"2023-01-20T04:52:44.422Z","modified":"2023-01-20T04:52:58.501Z","headers":[],"params":[],"tests":[]},{"_id":"008194e2-d1a8-459b-b568-59bbe36cb2e1","colId":"92eeef62-379c-437f-b52f-cd952f0d1c98","containerId":"","name":"deleteproducts","url":"localhost:3300/deleteproducts","method":"DELETE","sortNum":180000,"created":"2023-01-20T04:53:14.126Z","modified":"2023-01-20T04:53:28.429Z","headers":[],"params":[],"tests":[]},{"_id":"d992cc98-2209-4c05-9e19-dec65e11c9d6","colId":"92eeef62-379c-437f-b52f-cd952f0d1c98","containerId":"","name":"deleteorders","url":"localhost:3300/deleteorders","method":"DELETE","sortNum":190000,"created":"2023-01-20T04:53:55.100Z","modified":"2023-01-20T04:54:06.026Z","headers":[],"params":[],"tests":[]},{"_id":"5492f17f-48be-4a89-956e-dab54df326c1","colId":"92eeef62-379c-437f-b52f-cd952f0d1c98","containerId":"","name":"deleteorderitems","url":"localhost:3300/deleteorderitems","method":"DELETE","sortNum":200000,"created":"2023-01-20T04:54:23.302Z","modified":"2023-01-20T04:54:34.994Z","headers":[],"params":[],"tests":[]},{"_id":"487730e3-8b9a-4284-a8ce-f757c576f7c4","colId":"92eeef62-379c-437f-b52f-cd952f0d1c98","containerId":"","name":"loginuser","url":"localhost:3300/user/login","method":"POST","sortNum":210000,"created":"2023-01-23T13:25:31.760Z","modified":"2023-01-24T03:06:01.091Z","headers":[],"params":[],"body":{"type":"json","raw":"{\n\"email\" :\"vrushabhsatasiya82001@email.com\",\n\"password\" :\"Vru@82001\"\n}","form":[]},"tests":[]},{"_id":"8d45c7b9-3b7b-47f8-925c-a924327b7631","colId":"92eeef62-379c-437f-b52f-cd952f0d1c98","containerId":"","name":"Ordergetbyid","url":"localhost:3300/getorders/byid/63d11af7a31615bba3d1ac32","method":"GET","sortNum":220000,"created":"2023-01-25T12:10:12.060Z","modified":"2023-01-25T12:10:36.201Z","headers":[],"params":[],"tests":[]}]}
